Unique Key,Created Date,Closed Date,Agency,Agency Name,Complaint Type,Descriptor,Location Type,Incident Zip,Incident Address,Street Name,Cross Street 1,Cross Street 2,Intersection Street 1,Intersection Street 2,Address Type,City,Landmark,Facility Type,Status,Due Date,Resolution Description,Resolution Action Updated Date,Community Board,Borough,X Coordinate (State Plane),Y Coordinate (State Plane),Park Facility Name,Park Borough,School Name,School Number,School Region,School Code,School Phone Number,School Address,School City,School State,School Zip,School Not Found,School or Citywide Complaint,Vehicle Type,Taxi Company Borough,Taxi Pick Up Location,Bridge Highway Name,Bridge Highway Direction,Road Ramp,Bridge Highway Segment,Garage Lot Name,Ferry Direction,Ferry Terminal Name,Latitude,Longitude,Location
34212771,09/01/2016 12:00:06 AM,09/01/2016 06:02:10 AM,NYPD,New York City Police Department,Noise - Residential,Loud Television,Residential Building/House,11413,137-47 CARSON STREET,CARSON STREET,137 ROAD,138 AVENUE,,,ADDRESS,SPRINGFIELD GARDENS,,Precinct,Closed,09/01/2016 08:00:06 AM,The Police Department responded to the complaint and with the information available observed no evidence of the violation at that time.,09/01/2016 06:02:10 AM,13 QUEENS,QUEENS,1052223,185368,Unspecified,QUEENS,Unspecified,Unspecified,Unspecified,Unspecified,Unspecified,Unspecified,Unspecified,Unspecified,Unspecified,N,,,,,,,,,,,,40.67520813178531,-73.75494944502233,"(40.67520813178531, -73.75494944502233)"
34212392,09/01/2016 12:00:35 AM,09/02/2016 04:53:48 PM,NYPD,New York City Police Department,Blocked Driveway,No Access,Street/Sidewalk,10469,943 EAST 217 STREET,EAST 217 STREET,BRONXWOOD AVENUE,PAULDING AVENUE,,,ADDRESS,BRONX,,Precinct,Closed,09/01/2016 08:00:35 AM,The Police Department reviewed your complaint and provided additional information below.,09/02/2016 04:53:49 PM,12 BRONX,BRONX,1023875,259913,Unspecified,BRONX,Unspecified,Unspecified,Unspecified,Unspecified,Unspecified,Unspecified,Unspecified,Unspecified,Unspecified,N,,,,,,,,,,,,40.87998640855491,-73.85670741555177,"(40.87998640855491, -73.85670741555177)"
34214520,09/01/2016 12:00:37 AM,09/01/2016 01:05:43 AM,NYPD,New York City Police Department,Blocked Driveway,No Access,Street/Sidewalk,11369,98-02 25 AVENUE,25 AVENUE,98 STREET,99 STREET,,,ADDRESS,EAST ELMHURST,,Precinct,Closed,09/01/2016 08:00:37 AM,The Police Department responded and upon arrival those responsible for the condition were gone.,09/01/2016 01:05:43 AM,03 QUEENS,QUEENS,1019812,217879,Unspecified,QUEENS,Unspecified,Unspecified,Unspecified,Unspecified,Unspecified,Unspecified,Unspecified,Unspecified,Unspecified,N,,,,,,,,,,,,40.76463242381882,-73.87162284918391,"(40.76463242381882, -73.87162284918391)"
34212483,09/01/2016 12:00:54 AM,09/01/2016 03:15:32 AM,NYPD,New York City Police Department,Blocked Driveway,No Access,Street/Sidewalk,10466,1017 EAST 226 STREET,EAST 226 STREET,PAULDING AVENUE,LACONIA AVENUE,,,ADDRESS,BRONX,,Precinct,Closed,09/01/2016 08:00:54 AM,The Police Department issued a summons in response to the complaint.,09/01/2016 03:15:32 AM,12 BRONX,BRONX,1025510,261946,Unspecified,BRONX,Unspecified,Unspecified,Unspecified,Unspecified,Unspecified,Unspecified,Unspecified,Unspecified,Unspecified,N,,,,,,,,,,,,40.885558858976104,-73.85078238918491,"(40.885558858976104, -73.85078238918491)"
34214231,09/01/2016 12:01:15 AM,09/06/2016 09:27:00 AM,DOT,Department of Transportation,Street Condition,Pothole,,10040,4700 BROADWAY,BROADWAY,ARDEN STREET,DONGAN PLACE,,,ADDRESS,NEW YORK,,N/A,Closed,,The Department of Transportation inspected this complaint and found that the problem was fixed.,09/06/2016 09:27:00 AM,12 MANHATTAN,MANHATTAN,1003750,254115,Unspecified,MANHATTAN,Unspecified,Unspecified,Unspecified,Unspecified,Unspecified,Unspecified,Unspecified,Unspecified,Unspecified,,,,,,,,,,,,,40.864140093130686,-73.92950060219349,"(40.864140093130686, -73.92950060219349)"
34223410,09/01/2016 12:02:00 AM,09/01/2016 11:33:00 AM,DEP,Department of Environmental Protection,Water System,Hydrant Running Full (WA4),,10031,,,,,BROADWAY,WEST 135 STREET,INTERSECTION,NEW YORK,,N/A,Closed,,The Department of Environmental Protection determined that this complaint is a duplicate of a previously filed complaint. The original complaint is being addressed.,09/01/2016 11:33:00 AM,09 MANHATTAN,MANHATTAN,996684,238064,Unspecified,MANHATTAN,Unspecified,Unspecified,Unspecified,Unspecified,Unspecified,Unspecified,Unspecified,Unspecified,Unspecified,,,,,,,,,,,,,40.820097574803015,-73.95507644617044,"(40.820097574803015, -73.95507644617044)"
34219357,09/01/2016 12:02:00 AM,09/02/2016 12:00:00 PM,DSNY,BCC - Queens East,Sanitation Condition,12 Dead Animals,Sidewalk,11365,180-15 64 AVENUE,64 AVENUE,UTOPIA PARKWAY,181 STREET,,,ADDRESS,Fresh Meadows,,DSNY Garage,Closed,,The Department of Sanitation investigated this complaint and found no condition at the location.,09/02/2016 12:00:00 PM,08 QUEENS,QUEENS,1041679,208204,Unspecified,QUEENS,Unspecified,Unspecified,Unspecified,Unspecified,Unspecified,Unspecified,Unspecified,Unspecified,Unspecified,,,,,,,,,,,,,40.73796206550144,-73.79276687084037,"(40.73796206550144, -73.79276687084037)"
34211394,09/01/2016 12:02:03 AM,,TLC,Taxi and Limousine Commission,Taxi Complaint,Driver Complaint,,11103,,,,,STEINWAY STREET,30 AVENUE,INTERSECTION,ASTORIA,,N/A,Assigned,10/17/2016 08:32:42 AM,The Taxi and Limousine Commission will contact you within 14 days to confirm your complaint details. Please note your Service Request number for future reference.,09/02/2016 08:33:07 AM,01 QUEENS,QUEENS,1007798,217595,Unspecified,QUEENS,Unspecified,Unspecified,Unspecified,Unspecified,Unspecified,Unspecified,Unspecified,Unspecified,Unspecified,N,,,,Other,,,,,,,,40.76389308093824,-73.91499378600639,"(40.76389308093824, -73.91499378600639)"
34217294,09/01/2016 12:02:07 AM,09/01/2016 03:46:46 AM,NYPD,New York City Police Department,Noise - Residential,Loud Music/Party,Residential Building/House,10468,2685 GRAND CONCOURSE,GRAND CONCOURSE,EAST KINGSBRIDGE ROAD,EAST 196 STREET,,,ADDRESS,BRONX,,Precinct,Closed,09/01/2016 08:02:07 AM,The Police Department responded to the complaint but officers were unable to gain entry into the premises.,09/01/2016 03:46:46 AM,07 BRONX,BRONX,1013623,255108,Unspecified,BRONX,Unspecified,Unspecified,Unspecified,Unspecified,Unspecified,Unspecified,Unspecified,Unspecified,Unspecified,N,,,,,,,,,,,,40.86683824468553,-73.89380189150275,"(40.86683824468553, -73.89380189150275)"
34213164,09/01/2016 12:03:16 AM,09/01/2016 03:46:38 AM,NYPD,New York City Police Department,Noise - Commercial,Loud Music/Party,Store/Commercial,11222,284 DRIGGS AVENUE,DRIGGS AVENUE,ECKFORD STREET,LEONARD STREET,,,ADDRESS,BROOKLYN,,Precinct,Closed,09/01/2016 08:03:16 AM,The Police Department responded to the complaint and took action to fix the condition.,09/01/2016 03:46:39 AM,01 BROOKLYN,BROOKLYN,998402,202531,Unspecified,BROOKLYN,Unspecified,Unspecified,Unspecified,Unspecified,Unspecified,Unspecified,Unspecified,Unspecified,Unspecified,N,,,,,,,,,,,,40.7225662037401,-73.94894420645994,"(40.7225662037401, -73.94894420645994)"
34212770,09/01/2016 12:03:35 AM,09/01/2016 03:46:28 AM,NYPD,New York City Police Department,Noise - Commercial,Loud Talking,Club/Bar/Restaurant,11249,149 NORTH 6 STREET,NORTH 6 STREET,BERRY STREET,BEDFORD AVENUE,,,ADDRESS,BROOKLYN,,Precinct,Closed,09/01/2016 08:03:35 AM,The Police Department responded to the complaint and took action to fix the condition.,09/01/2016 03:46:28 AM,01 BROOKLYN,BROOKLYN,995738,200662,Unspecified,BROOKLYN,Unspecified,Unspecified,Unspecified,Unspecified,Unspecified,Unspecified,Unspecified,Unspecified,Unspecified,N,,,,,,,,,,,,40.717440110199995,-73.95855823667199,"(40.717440110199995, -73.95855823667199)"
34214130,09/01/2016 12:03:52 AM,09/01/2016 02:41:40 AM,NYPD,New York City Police Department,Illegal Parking,Double Parked Blocking Traffic,Street/Sidewalk,10003,81 1 AVENUE,1 AVENUE,EAST 4 STREET,EAST 5 STREET,,,ADDRESS,NEW YORK,,Precinct,Closed,09/01/2016 08:03:52 AM,The Police Department responded and upon arrival those responsible for the condition were gone.,09/01/2016 02:41:40 AM,03 MANHATTAN,MANHATTAN,987942,203667,Unspecified,MANHATTAN,Unspecified,Unspecified,Unspecified,Unspecified,Unspecified,Unspecified,Unspecified,Unspecified,Unspecified,N,,,,,,,,,,,,40.72569479789409,-73.98667984531457,"(40.72569479789409, -73.98667984531457)"
34217841,09/01/2016 12:05:17 AM,,TLC,Taxi and Limousine Commission,Taxi Complaint,Driver Complaint,,10031,531 WEST 143 STREET,WEST 143 STREET,HAMILTON PLACE,BROADWAY,,,ADDRESS,NEW YORK,,N/A,Assigned,10/17/2016 08:32:42 AM,The Taxi and Limousine Commission will contact you within 14 days to confirm your complaint details. Please note your Service Request number for future reference.,09/02/2016 08:33:01 AM,09 MANHATTAN,MANHATTAN,998155,239652,Unspecified,MANHATTAN,Unspecified,Unspecified,Unspecified,Unspecified,Unspecified,Unspecified,Unspecified,Unspecified,Unspecified,N,,,,Other,,,,,,,,40.82445399167001,-73.94975849134453,"(40.82445399167001, -73.94975849134453)"
34212954,09/01/2016 12:05:31 AM,09/01/2016 03:22:57 AM,NYPD,New York City Police Department,Illegal Parking,Blocked Hydrant,Street/Sidewalk,11367,,,,,148 PLACE,61 ROAD,INTERSECTION,FLUSHING,,Precinct,Closed,09/01/2016 08:05:31 AM,The Police Department responded and upon arrival those responsible for the condition were gone.,09/01/2016 03:22:57 AM,08 QUEENS,QUEENS,1033787,208970,Unspecified,QUEENS,Unspecified,Unspecified,Unspecified,Unspecified,Unspecified,Unspecified,Unspecified,Unspecified,Unspecified,N,,,,,,,,,,,,40.740112265819256,-73.82123950679446,"(40.740112265819256, -73.82123950679446)"
34216160,09/01/2016 12:05:54 AM,09/01/2016 02:59:15 AM,NYPD,New York City Police Department,Illegal Parking,Double Parked Blocking Traffic,Street/Sidewalk,10003,BOWERY,BOWERY,,,,,LATLONG,NEW YORK,,Precinct,Closed,09/01/2016 08:05:54 AM,The Police Department responded to the complaint and with the information available observed no evidence of the violation at that time.,09/01/2016 02:59:15 AM,03 MANHATTAN,MANHATTAN,986426,203499,Unspecified,MANHATTAN,Unspecified,Unspecified,Unspecified,Unspecified,Unspecified,Unspecified,Unspecified,Unspecified,Unspecified,N,,,,,,,,,,,,40.72523418153373,-73.99214938889838,"(40.72523418153373, -73.99214938889838)"
34216500,09/01/2016 12:06:14 AM,09/01/2016 03:49:38 AM,NYPD,New York City Police Department,Blocked Driveway,Partial Access,Street/Sidewalk,11421,89-19 90 STREET,90 STREET,89 AVENUE,91 AVENUE,,,ADDRESS,WOODHAVEN,,Precinct,Closed,09/01/2016 08:06:14 AM,The Police Department responded and upon arrival those responsible for the condition were gone.,09/01/2016 03:49:38 AM,09 QUEENS,QUEENS,1024827,190774,Unspecified,QUEENS,Unspecified,Unspecified,Unspecified,Unspecified,Unspecified,Unspecified,Unspecified,Unspecified,Unspecified,N,,,,,,,,,,,,40.690214316362415,-73.85368240559568,"(40.690214316362415, -73.85368240559568)"
34221835,09/01/2016 12:06:43 AM,,HPD,Department of Housing Preservation and Development,HEAT/HOT WATER,ENTIRE BUILDING,RESIDENTIAL BUILDING,10453,1841 DR M L KING JR BOULEVARD,DR M L KING JR BOULEVARD,,,,,ADDRESS,BRONX,,N/A,Open,,The following complaint conditions are still open. HPD may attempt to contact you to verify the correction of the condition or may conduct an inspection.,09/01/2016 12:00:00 AM,05 BRONX,BRONX,1007941,249537,Unspecified,BRONX,Unspecified,Unspecified,Unspecified,Unspecified,Unspecified,Unspecified,Unspecified,Unspecified,Unspecified,,,,,,,,,,,,,40.851564608300045,-73.91436484385679,"(40.851564608300045, -73.91436484385679)"
34211702,09/01/2016 12:06:56 AM,09/01/2016 04:59:06 AM,NYPD,New York City Police Department,Noise - Street/Sidewalk,Loud Talking,Street/Sidewalk,11221,194 STUYVESANT AVENUE,STUYVESANT AVENUE,QUINCY STREET,GATES AVENUE,,,ADDRESS,BROOKLYN,,Precinct,Closed,09/01/2016 08:06:56 AM,The Police Department responded to the complaint and with the information available observed no evidence of the violation at that time.,09/01/2016 04:59:06 AM,03 BROOKLYN,BROOKLYN,1002780,190153,Unspecified,BROOKLYN,Unspecified,Unspecified,Unspecified,Unspecified,Unspecified,Unspecified,Unspecified,Unspecified,Unspecified,N,,,,,,,,,,,,40.68858343380662,-73.93318387971877,"(40.68858343380662, -73.93318387971877)"
34219447,09/01/2016 12:07:00 AM,09/01/2016 12:08:00 AM,DEP,Department of Environmental Protection,Water System,Hydrant Running (WC3),,10023,325 WEST END AVENUE,WEST END AVENUE,,,,,ADDRESS,NEW YORK,,N/A,Closed,,The Department of Environmental Protection determined that this complaint is a duplicate of a previously filed complaint. The original complaint is being addressed.,09/01/2016 12:08:00 AM,07 MANHATTAN,MANHATTAN,988996,224194,Unspecified,MANHATTAN,Unspecified,Unspecified,Unspecified,Unspecified,Unspecified,Unspecified,Unspecified,Unspecified,Unspecified,,,,,,,,,,,,,40.78203569609998,-73.98286269079273,"(40.78203569609998, -73.98286269079273)"
34217113,09/01/2016 12:07:09 AM,09/01/2016 01:13:48 AM,NYPD,New York City Police Department,Illegal Parking,Commercial Overnight Parking,Street/Sidewalk,11204,5400 21 AVENUE,21 AVENUE,53 STREET,WASHINGTON CEMETERY BOUNDARY,,,ADDRESS,BROOKLYN,,Precinct,Closed,09/01/2016 08:07:09 AM,The Police Department issued a summons in response to the complaint.,09/01/2016 01:13:48 AM,12 BROOKLYN,BROOKLYN,990555,165641,Unspecified,BROOKLYN,Unspecified,Unspecified,Unspecified,Unspecified,Unspecified,Unspecified,Unspecified,Unspecified,Unspecified,N,,,,,,,,,,,,40.621320511236384,-73.97728812364555,"(40.621320511236384, -73.97728812364555)"
34214548,09/01/2016 12:07:25 AM,,DOT,Department of Transportation,Street Condition,"Rough, Pitted or Cracked Roads",Street,11367,,,,,MAIN STREET,68 DRIVE,INTERSECTION,FLUSHING,,N/A,Open,11/30/2016 12:07:25 AM,The Department of Transportation requires 90 days to respond to this type of complaint.  Please note your Service Request number for future reference.,,08 QUEENS,QUEENS,1032885,206014,Unspecified,QUEENS,Unspecified,Unspecified,Unspecified,Unspecified,Unspecified,Unspecified,Unspecified,Unspecified,Unspecified,N,,,,,,,,,,,,40.7320037982969,-73.82451584786384,"(40.7320037982969, -73.82451584786384)"
34221511,09/01/2016 12:08:00 AM,09/01/2016 12:00:00 PM,DSNY,A - Queens,Dirty Conditions,E3 Dirty Sidewalk,Sidewalk,11416,95-24 89 STREET,89 STREET,95 AVENUE,97 AVENUE,,,ADDRESS,Ozone Park,,N/A,Closed,,The Department of Sanitation investigated this complaint and issued a Notice of Violation.,09/01/2016 12:00:00 PM,09 QUEENS,QUEENS,1025173,189045,Unspecified,QUEENS,Unspecified,Unspecified,Unspecified,Unspecified,Unspecified,Unspecified,Unspecified,Unspecified,Unspecified,,,,,,,,,,,,,40.68546702174521,-73.85244526015111,"(40.68546702174521, -73.85244526015111)"
34217276,09/01/2016 12:08:16 AM,,ACS,ACS,Forms,Community Outreach,,,,,,,,,,,,,Email Sent,09/15/2016 12:09:13 AM,,,0 Unspecified,Unspecified,,,Unspecified,Unspecified,Unspecified,Unspecified,Unspecified,Unspecified,Unspecified,Unspecified,Unspecified,Unspecified,Unspecified,,,,,,,,,1-1-1299426410,,,,,,
34217959,09/01/2016 12:08:39 AM,09/01/2016 04:05:02 AM,NYPD,New York City Police Department,Noise - Street/Sidewalk,Loud Music/Party,Street/Sidewalk,11225,916 CARROLL STREET,CARROLL STREET,WASHINGTON AVENUE,PEDESTRIAN OVERPASS,,,ADDRESS,BROOKLYN,,Precinct,Closed,09/01/2016 08:08:39 AM,The Police Department responded to the complaint and determined that police action was not necessary.,09/01/2016 04:05:02 AM,09 BROOKLYN,BROOKLYN,995025,182824,Unspecified,BROOKLYN,Unspecified,Unspecified,Unspecified,Unspecified,Unspecified,Unspecified,Unspecified,Unspecified,Unspecified,N,,,,,,,,,,,,40.668479828005744,-73.96115884217696,"(40.668479828005744, -73.96115884217696)"
34210942,09/01/2016 12:08:43 AM,09/01/2016 01:36:15 AM,NYPD,New York City Police Department,Noise - Residential,Loud Music/Party,Residential Building/House,11372,35-43 84 STREET,84 STREET,35 AVENUE,37 AVENUE,,,ADDRESS,JACKSON HEIGHTS,,Precinct,Closed,09/01/2016 08:08:43 AM,The Police Department responded to the complaint and took action to fix the condition.,09/01/2016 01:36:15 AM,03 QUEENS,QUEENS,1016737,213135,Unspecified,QUEENS,Unspecified,Unspecified,Unspecified,Unspecified,Unspecified,Unspecified,Unspecified,Unspecified,Unspecified,N,,,,,,,,,,,,40.751623202335196,-73.88274636451436,"(40.751623202335196, -73.88274636451436)"
34213767,09/01/2016 12:08:44 AM,09/02/2016 05:29:11 PM,DOT,Department of Transportation,Street Condition,Defective Hardware,Street,11367,141-26 68 DRIVE,68 DRIVE,141 STREET,MAIN STREET,,,ADDRESS,FLUSHING,,N/A,Closed,09/11/2016 12:08:44 AM,"The  Department of Transportation inspected the condition you reported and issued a Corrective Action Repair (CAR) to the contractor or utility company. The responsible party has a maximum of 30 days to correct the condition. If after that time the condition still exists, the Agency may issue the responsible party a summons and/or correct the condition.",09/02/2016 05:29:11 PM,08 QUEENS,QUEENS,1032646,205925,Unspecified,QUEENS,Unspecified,Unspecified,Unspecified,Unspecified,Unspecified,Unspecified,Unspecified,Unspecified,Unspecified,N,,,,,,,,,,,,40.731760826548225,-73.82537884231014,"(40.731760826548225, -73.82537884231014)"
34214112,09/01/2016 12:09:01 AM,09/01/2016 01:31:12 AM,NYPD,New York City Police Department,Illegal Parking,Blocked Hydrant,Street/Sidewalk,11355,59-40 157 STREET,157 STREET,59 AVENUE,LONG ISLAND EXPRESSWAY,,,ADDRESS,FLUSHING,,Precinct,Closed,09/01/2016 08:09:01 AM,The Police Department responded and upon arrival those responsible for the condition were gone.,09/01/2016 01:31:12 AM,07 QUEENS,QUEENS,1036542,208762,Unspecified,QUEENS,Unspecified,Unspecified,Unspecified,Unspecified,Unspecified,Unspecified,Unspecified,Unspecified,Unspecified,N,,,,,,,,,,,,40.73952549828759,-73.81129938974755,"(40.73952549828759, -73.81129938974755)"
34212140,09/01/2016 12:09:18 AM,,ACS,ACS,Forms,Community Outreach,,,,,,,,,,,,,Email Sent,09/15/2016 12:10:16 AM,,,0 Unspecified,Unspecified,,,Unspecified,Unspecified,Unspecified,Unspecified,Unspecified,Unspecified,Unspecified,Unspecified,Unspecified,Unspecified,Unspecified,,,,,,,,,1-1-1299426404,,,,,,
34216046,09/01/2016 12:10:25 AM,09/01/2016 01:31:08 AM,NYPD,New York City Police Department,Noise - Park,Loud Talking,Park/Playground,11106,34-50 24 STREET,24 STREET,34 AVENUE,35 AVENUE,,,ADDRESS,ASTORIA,,Precinct,Closed,09/01/2016 08:10:25 AM,The Police Department responded and upon arrival those responsible for the condition were gone.,09/01/2016 01:31:08 AM,01 QUEENS,QUEENS,1003028,216533,Unspecified,QUEENS,Unspecified,Unspecified,Unspecified,Unspecified,Unspecified,Unspecified,Unspecified,Unspecified,Unspecified,N,,,,,,,,,,,,40.76098958340112,-73.93221602635003,"(40.76098958340112, -73.93221602635003)"
34214014,09/01/2016 12:10:37 AM,09/01/2016 02:01:11 AM,NYPD,New York City Police Department,Noise - Residential,Loud Music/Party,Residential Building/House,11377,,,,,58 STREET,31 AVENUE,INTERSECTION,WOODSIDE,,Precinct,Closed,09/01/2016 08:10:37 AM,The Police Department responded to the complaint and with the information available observed no evidence of the violation at that time.,09/01/2016 02:01:11 AM,01 QUEENS,QUEENS,1010935,215224,Unspecified,QUEENS,Unspecified,Unspecified,Unspecified,Unspecified,Unspecified,Unspecified,Unspecified,Unspecified,Unspecified,N,,,,,,,,,,,,40.75737638603846,-73.9036789113306,"(40.75737638603846, -73.9036789113306)"
34216956,09/01/2016 12:10:42 AM,09/01/2016 08:06:35 PM,NYPD,New York City Police Department,Noise - Residential,Loud Television,Residential Building/House,11229,3040 AVENUE W,AVENUE W,BATCHELDER STREET,BRAGG STREET,,,ADDRESS,BROOKLYN,,Precinct,Closed,09/01/2016 08:10:42 AM,The Police Department responded to the complaint and with the information available observed no evidence of the violation at that time.,09/01/2016 08:06:35 PM,15 BROOKLYN,BROOKLYN,1001875,156569,Unspecified,BROOKLYN,Unspecified,Unspecified,Unspecified,Unspecified,Unspecified,Unspecified,Unspecified,Unspecified,Unspecified,N,,,,,,,,,,,,40.596404450232136,-73.93653489611431,"(40.596404450232136, -73.93653489611431)"
34226414,09/01/2016 12:11:00 AM,09/01/2016 04:05:00 AM,DEP,Department of Environmental Protection,Water System,Hydrant Running Full (WA4),,10040,97 ELLWOOD STREET,ELLWOOD STREET,W 196 ST,BEND,,,ADDRESS,NEW YORK,,N/A,Closed,,"The Department of Environment Protection inspected your complaint but could not find the problem you reported. If the condition persists, please call 311 (or 212-639-9675 if calling from a non-New York City area code) with more detailed information to submit a new complaint.",09/01/2016 04:05:00 AM,12 MANHATTAN,MANHATTAN,1003827,253156,Unspecified,MANHATTAN,Unspecified,Unspecified,Unspecified,Unspecified,Unspecified,Unspecified,Unspecified,Unspecified,Unspecified,,,,,,,,,,,,,40.861507758243285,-73.92922502137085,"(40.861507758243285, -73.92922502137085)"
34224524,09/01/2016 12:11:00 AM,09/01/2016 12:00:00 PM,DSNY,A - Manhattan,Dirty Conditions,E3 Dirty Sidewalk,Sidewalk,10065,,,,,EAST 61 STREET,1 AVENUE,INTERSECTION,NEW YORK,,N/A,Closed,,The Department of Sanitation investigated this complaint and found no violation at the location.,09/01/2016 12:00:00 PM,08 MANHATTAN,MANHATTAN,995035,216480,Unspecified,MANHATTAN,Unspecified,Unspecified,Unspecified,Unspecified,Unspecified,Unspecified,Unspecified,Unspecified,Unspecified,,,,,,,,,,,,,40.76085747543163,-73.96106887544212,"(40.76085747543163, -73.96106887544212)"
34217709,09/01/2016 12:11:24 AM,09/02/2016 04:54:51 PM,NYPD,New York City Police Department,Blocked Driveway,No Access,Street/Sidewalk,10466,4069 BARNES AVENUE,BARNES AVENUE,EAST 228 STREET,EAST 229 STREET,,,ADDRESS,BRONX,,Precinct,Closed,09/01/2016 08:11:24 AM,The Police Department reviewed your complaint and provided additional information below.,09/02/2016 04:54:51 PM,12 BRONX,BRONX,1023994,263312,Unspecified,BRONX,Unspecified,Unspecified,Unspecified,Unspecified,Unspecified,Unspecified,Unspecified,Unspecified,Unspecified,N,,,,,,,,,,,,40.8893150523013,-73.85625691673303,"(40.8893150523013, -73.85625691673303)"
34218143,09/01/2016 12:11:41 AM,09/01/2016 02:11:56 AM,NYPD,New York City Police Department,Noise - Residential,Banging/Pounding,Residential Building/House,11355,142-12 41 AVENUE,41 AVENUE,UNION STREET,BOWNE STREET,,,ADDRESS,FLUSHING,,Precinct,Closed,09/01/2016 08:11:41 AM,The Police Department responded to the complaint and with the information available observed no evidence of the violation at that time.,09/01/2016 02:11:56 AM,07 QUEENS,QUEENS,1032597,216015,Unspecified,QUEENS,Unspecified,Unspecified,Unspecified,Unspecified,Unspecified,Unspecified,Unspecified,Unspecified,Unspecified,N,,,,,,,,,,,,40.759455560769595,-73.8254831111012,"(40.759455560769595, -73.8254831111012)"
34222231,09/01/2016 12:13:00 AM,09/01/2016 12:00:00 PM,DSNY,Brooklyn South 10,Derelict Vehicles,14 Derelict Vehicles,Street,11209,9321 RIDGE BOULEVARD,RIDGE BOULEVARD,93 STREET,94 STREET,,,ADDRESS,BROOKLYN,,N/A,Pending,,The Department of Sanitation removed the items.,09/01/2016 12:13:00 AM,10 BROOKLYN,BROOKLYN,974316,164824,Unspecified,BROOKLYN,Unspecified,Unspecified,Unspecified,Unspecified,Unspecified,Unspecified,Unspecified,Unspecified,Unspecified,,,,,,,,,,,,,40.619074690688336,-74.03578305984678,"(40.619074690688336, -74.03578305984678)"
34217303,09/01/2016 12:13:16 AM,09/01/2016 02:56:50 AM,NYPD,New York City Police Department,Illegal Parking,Double Parked Blocking Traffic,Street/Sidewalk,10003,BOWERY,BOWERY,,,,,LATLONG,NEW YORK,,Precinct,Closed,09/01/2016 08:13:16 AM,The Police Department responded to the complaint and with the information available observed no evidence of the violation at that time.,09/01/2016 02:56:50 AM,03 MANHATTAN,MANHATTAN,986426,203499,Unspecified,MANHATTAN,Unspecified,Unspecified,Unspecified,Unspecified,Unspecified,Unspecified,Unspecified,Unspecified,Unspecified,N,,,,,,,,,,,,40.72523418153373,-73.99214938889838,"(40.72523418153373, -73.99214938889838)"
34213421,09/01/2016 12:13:22 AM,09/01/2016 04:19:55 AM,NYPD,New York City Police Department,Noise - Street/Sidewalk,Loud Music/Party,Street/Sidewalk,11238,135 EASTERN PARKWAY,EASTERN PARKWAY,UNDERHILL AVENUE,BEND,,,ADDRESS,BROOKLYN,,Precinct,Closed,09/01/2016 08:13:22 AM,The Police Department responded to the complaint and with the information available observed no evidence of the violation at that time.,09/01/2016 04:19:55 AM,08 BROOKLYN,BROOKLYN,994156,184165,Unspecified,BROOKLYN,Unspecified,Unspecified,Unspecified,Unspecified,Unspecified,Unspecified,Unspecified,Unspecified,Unspecified,N,,,,,,,,,,,,40.67216158783738,-73.96428939702098,"(40.67216158783738, -73.96428939702098)"
34215972,09/01/2016 12:13:30 AM,09/01/2016 05:56:13 AM,NYPD,New York City Police Department,Blocked Driveway,No Access,Street/Sidewalk,11411,118-28 219 STREET,219 STREET,118 AVENUE,119 AVENUE,,,ADDRESS,CAMBRIA HEIGHTS,,Precinct,Closed,09/01/2016 08:13:30 AM,The Police Department responded and upon arrival those responsible for the condition were gone.,09/01/2016 05:56:13 AM,13 QUEENS,QUEENS,1055754,191946,Unspecified,QUEENS,Unspecified,Unspecified,Unspecified,Unspecified,Unspecified,Unspecified,Unspecified,Unspecified,Unspecified,N,,,,,,,,,,,,40.693235345638115,-73.74215004653367,"(40.693235345638115, -73.74215004653367)"
34222268,09/01/2016 12:14:00 AM,,DEP,Department of Environmental Protection,Noise,Noise: Jack Hammering (NC2),,10001,401 WEST   31 STREET,WEST   31 STREET,9 AVE,LINCOLN TUNNEL APPROACH,,,ADDRESS,NEW YORK,,N/A,Open,,,,04 MANHATTAN,MANHATTAN,984824,213090,Unspecified,MANHATTAN,Unspecified,Unspecified,Unspecified,Unspecified,Unspecified,Unspecified,Unspecified,Unspecified,Unspecified,,,,,,,,,,,,,40.75155934859421,-73.99792829432809,"(40.75155934859421, -73.99792829432809)"
34221144,09/01/2016 12:14:00 AM,09/02/2016 12:14:00 AM,DEP,Department of Environmental Protection,Lead,Lead Kit Request (Residential) (L10),,10012,2 WASHINGTON SQUARE VILLAGE,WASHINGTON SQUARE VILLAGE,MERCER ST,W BROADWAY,,,ADDRESS,NEW YORK,,N/A,Closed,,The Department of Environmental Protection investigated this complaint and created a Service Request to have a Lead Test Kit sent to the complainant.,09/02/2016 12:14:00 AM,02 MANHATTAN,MANHATTAN,985366,204639,Unspecified,MANHATTAN,Unspecified,Unspecified,Unspecified,Unspecified,Unspecified,Unspecified,Unspecified,Unspecified,Unspecified,,,,,,,,,,,,,40.72836340128487,-73.99597348649338,"(40.72836340128487, -73.99597348649338)"
34213744,09/01/2016 12:14:12 AM,09/01/2016 05:56:09 AM,NYPD,New York City Police Department,Noise - Commercial,Loud Music/Party,Club/Bar/Restaurant,11433,92-06 173 STREET,173 STREET,JAMAICA AVENUE,93 AVENUE,,,ADDRESS,JAMAICA,,Precinct,Closed,09/01/2016 08:14:12 AM,The Police Department responded to the complaint and with the information available observed no evidence of the violation at that time.,09/01/2016 05:56:09 AM,12 QUEENS,QUEENS,1043415,197121,Unspecified,QUEENS,Unspecified,Unspecified,Unspecified,Unspecified,Unspecified,Unspecified,Unspecified,Unspecified,Unspecified,N,,,,,,,,,,,,40.70753055918456,-73.78659995072763,"(40.70753055918456, -73.78659995072763)"
34224352,09/01/2016 12:15:00 AM,09/01/2016 12:00:00 PM,DSNY,Bronx 04,Sanitation Condition,15 Street Cond/Dump-Out/Drop-Off,Street,10456,1420 GRAND CONCOURSE,GRAND CONCOURSE,EAST 170 STREET,EAST 171 STREET,,,ADDRESS,BRONX,,N/A,Closed,,The Department of Sanitation investigated this complaint and issued a Notice of Violation.,09/01/2016 12:00:00 PM,04 BRONX,BRONX,1008199,245050,Unspecified,BRONX,Unspecified,Unspecified,Unspecified,Unspecified,Unspecified,Unspecified,Unspecified,Unspecified,Unspecified,,,,,,,,,,,,,40.83924842108658,-73.9134482849396,"(40.83924842108658, -73.9134482849396)"
34223699,09/01/2016 12:15:00 AM,,DEP,Department of Environmental Protection,Air Quality,"Air: Smoke, Chimney or vent (AS1)",,10009,,,,,A AVENUE,EAST 5 STREET,INTERSECTION,NEW YORK,,N/A,Open,,,,03 MANHATTAN,MANHATTAN,988573,203364,Unspecified,MANHATTAN,Unspecified,Unspecified,Unspecified,Unspecified,Unspecified,Unspecified,Unspecified,Unspecified,Unspecified,,,,,,,,,,,,,40.72486285062061,-73.98440349134948,"(40.72486285062061, -73.98440349134948)"
34213166,09/01/2016 12:15:00 AM,09/01/2016 04:50:32 AM,NYPD,New York City Police Department,Noise - Street/Sidewalk,Loud Talking,Street/Sidewalk,11221,646 KOSCIUSKO STREET,KOSCIUSKO STREET,BROADWAY,BUSHWICK AVENUE,,,ADDRESS,BROOKLYN,,Precinct,Closed,09/01/2016 08:15:00 AM,The Police Department responded and upon arrival those responsible for the condition were gone.,09/01/2016 04:50:32 AM,04 BROOKLYN,BROOKLYN,1004273,192099,Unspecified,BROOKLYN,Unspecified,Unspecified,Unspecified,Unspecified,Unspecified,Unspecified,Unspecified,Unspecified,Unspecified,N,,,,,,,,,,,,40.6939215015067,-73.9277945865984,"(40.6939215015067, -73.9277945865984)"
34212338,09/01/2016 12:15:50 AM,09/01/2016 06:08:20 AM,NYPD,New York City Police Department,Noise - Street/Sidewalk,Loud Music/Party,Street/Sidewalk,11434,114-46 158 STREET,158 STREET,MEYER AVENUE,115 ROAD,,,ADDRESS,JAMAICA,,Precinct,Closed,09/01/2016 08:15:50 AM,The Police Department responded to the complaint and with the information available observed no evidence of the violation at that time.,09/01/2016 06:08:20 AM,12 QUEENS,QUEENS,1042873,189735,Unspecified,QUEENS,Unspecified,Unspecified,Unspecified,Unspecified,Unspecified,Unspecified,Unspecified,Unspecified,Unspecified,N,,,,,,,,,,,,40.68726137504832,-73.7886191483978,"(40.68726137504832, -73.7886191483978)"
34210938,09/01/2016 12:15:55 AM,09/01/2016 11:23:34 PM,NYPD,New York City Police Department,Noise - Residential,Loud Music/Party,Residential Building/House,10454,282 BROOK AVENUE,BROOK AVENUE,EAST 139 STREET,EAST 140 STREET,,,ADDRESS,BRONX,,Precinct,Closed,09/01/2016 08:15:55 AM,The Police Department responded to the complaint and with the information available observed no evidence of the violation at that time.,09/01/2016 11:23:34 PM,01 BRONX,BRONX,1006781,233878,Unspecified,BRONX,Unspecified,Unspecified,Unspecified,Unspecified,Unspecified,Unspecified,Unspecified,Unspecified,Unspecified,N,,,,,,,,,,,,40.80858819601399,-73.91861044996179,"(40.80858819601399, -73.91861044996179)"
34216167,09/01/2016 12:16:00 AM,09/02/2016 11:20:00 PM,DOT,Department of Transportation,Street Light Condition,Street Light Out,,,677 204 ST W,204 ST W,BROADWAY,COOPER ST,,,ADDRESS,,,N/A,Closed,,Service Request status for this request is available on the Department of Transportationâs website. Please click the âLearn Moreâ link below.,09/02/2016 11:20:00 PM,Unspecified MANHATTAN,MANHATTAN,,,Unspecified,MANHATTAN,Unspecified,Unspecified,Unspecified,Unspecified,Unspecified,Unspecified,Unspecified,Unspecified,Unspecified,,,,,,,,,,,,,,,
34216756,09/01/2016 12:16:47 AM,09/02/2016 11:34:16 AM,DCA,Department of Consumer Affairs,Consumer Complaint,Overcharge,,11417,135-45 CROSS BAY BOULEVARD,CROSS BAY BOULEVARD,REDDING STREET,PITKIN AVENUE,,,ADDRESS,OZONE PARK,,N/A,Closed,09/05/2016 12:16:47 AM,"Unfortunately, the behavior that you complained about does not violate any law or rule. As a result, no city agency has the jurisdiction to act on the matter.",09/02/2016 11:34:16 AM,10 QUEENS,QUEENS,1027732,184438,Unspecified,QUEENS,Unspecified,Unspecified,Unspecified,Unspecified,Unspecified,Unspecified,Unspecified,Unspecified,Unspecified,N,,,,,,,,,,,,40.672809669126686,-73.84324810086851,"(40.672809669126686, -73.84324810086851)"
34213978,09/01/2016 12:17:06 AM,09/01/2016 02:28:50 AM,NYPD,New York City Police Department,Noise - Commercial,Loud Music/Party,Club/Bar/Restaurant,11236,1370 ROCKAWAY PARKWAY,ROCKAWAY PARKWAY,FARRAGUT ROAD,SMITHS LANE,,,ADDRESS,BROOKLYN,,Precinct,Closed,09/01/2016 08:17:06 AM,The Police Department responded to the complaint and with the information available observed no evidence of the violation at that time.,09/01/2016 02:28:50 AM,18 BROOKLYN,BROOKLYN,1010983,174768,Unspecified,BROOKLYN,Unspecified,Unspecified,Unspecified,Unspecified,Unspecified,Unspecified,Unspecified,Unspecified,Unspecified,N,,,,,,,,,,,,40.646334085527656,-73.90366624505096,"(40.646334085527656, -73.90366624505096)"
34216504,09/01/2016 12:17:42 AM,09/01/2016 06:08:23 AM,NYPD,New York City Police Department,Noise - Street/Sidewalk,Loud Music/Party,Street/Sidewalk,11434,114-38 158 STREET,158 STREET,MEYER AVENUE,115 ROAD,,,ADDRESS,JAMAICA,,Precinct,Closed,09/01/2016 08:17:42 AM,The Police Department responded to the complaint and with the information available observed no evidence of the violation at that time.,09/01/2016 06:08:23 AM,12 QUEENS,QUEENS,1042844,189758,Unspecified,QUEENS,Unspecified,Unspecified,Unspecified,Unspecified,Unspecified,Unspecified,Unspecified,Unspecified,Unspecified,N,,,,,,,,,,,,40.6873246966227,-73.78872351519618,"(40.6873246966227, -73.78872351519618)"
34213839,09/01/2016 12:17:52 AM,09/01/2016 06:09:43 AM,NYPD,New York City Police Department,Noise - Street/Sidewalk,Loud Music/Party,Street/Sidewalk,11238,842 WASHINGTON AVENUE,WASHINGTON AVENUE,ST JOHNS PLACE,LINCOLN PLACE,,,ADDRESS,BROOKLYN,,Precinct,Closed,09/01/2016 08:17:52 AM,The Police Department responded to the complaint and with the information available observed no evidence of the violation at that time.,09/01/2016 06:09:43 AM,08 BROOKLYN,BROOKLYN,994556,184471,Unspecified,BROOKLYN,Unspecified,Unspecified,Unspecified,Unspecified,Unspecified,Unspecified,Unspecified,Unspecified,Unspecified,N,,,,,,,,,,,,40.67300103249724,-73.96284695060235,"(40.67300103249724, -73.96284695060235)"
34217179,09/01/2016 12:18:13 AM,09/01/2016 05:10:02 AM,NYPD,New York City Police Department,Illegal Parking,Blocked Hydrant,Street/Sidewalk,11218,1163 40 STREET,40 STREET,FT HAMILTON PARKWAY,12 AVENUE,,,ADDRESS,BROOKLYN,,Precinct,Closed,09/01/2016 08:18:13 AM,The Police Department issued a summons in response to the complaint.,09/01/2016 05:10:02 AM,12 BROOKLYN,BROOKLYN,987044,173146,Unspecified,BROOKLYN,Unspecified,Unspecified,Unspecified,Unspecified,Unspecified,Unspecified,Unspecified,Unspecified,Unspecified,N,,,,,,,,,,,,40.64192195131148,-73.9899323435359,"(40.64192195131148, -73.9899323435359)"
34216324,09/01/2016 12:18:28 AM,,ACS,ACS,Forms,Community Outreach,,,,,,,,,,,,,Email Sent,09/15/2016 12:18:34 AM,,,0 Unspecified,Unspecified,,,Unspecified,Unspecified,Unspecified,Unspecified,Unspecified,Unspecified,Unspecified,Unspecified,Unspecified,Unspecified,Unspecified,,,,,,,,,1-1-1299426407,,,,,,
34211957,09/01/2016 12:19:32 AM,09/01/2016 03:28:33 AM,NYPD,New York City Police Department,Illegal Parking,Blocked Hydrant,Street/Sidewalk,11204,2131 71 STREET,71 STREET,21 AVENUE,BAY PARKWAY,,,ADDRESS,BROOKLYN,,Precinct,Closed,09/01/2016 08:19:32 AM,The Police Department responded to the complaint and determined that police action was not necessary.,09/01/2016 03:28:33 AM,11 BROOKLYN,BROOKLYN,988033,161993,Unspecified,BROOKLYN,Unspecified,Unspecified,Unspecified,Unspecified,Unspecified,Unspecified,Unspecified,Unspecified,Unspecified,N,,,,,,,,,,,,40.61130894279118,-73.98637491794774,"(40.61130894279118, -73.98637491794774)"
34211967,09/01/2016 12:19:49 AM,09/01/2016 04:05:03 AM,NYPD,New York City Police Department,Noise - Residential,Loud Music/Party,Residential Building/House,11225,,,,,UNION STREET,CLASSON AVENUE,INTERSECTION,BROOKLYN,,Precinct,Closed,09/01/2016 08:19:49 AM,The Police Department responded to the complaint and determined that police action was not necessary.,09/01/2016 04:05:03 AM,09 BROOKLYN,BROOKLYN,994885,183552,Unspecified,BROOKLYN,Unspecified,Unspecified,Unspecified,Unspecified,Unspecified,Unspecified,Unspecified,Unspecified,Unspecified,N,,,,,,,,,,,,40.670478194523135,-73.96166235828056,"(40.670478194523135, -73.96166235828056)"
34212999,09/01/2016 12:20:27 AM,09/01/2016 01:58:51 AM,NYPD,New York City Police Department,Illegal Parking,Posted Parking Sign Violation,Street/Sidewalk,10027,3002 BROADWAY,BROADWAY,WEST 116 STREET,WEST 120 STREET,,,ADDRESS,NEW YORK,,Precinct,Closed,09/01/2016 08:20:27 AM,The Police Department responded to the complaint and with the information available observed no evidence of the violation at that time.,09/01/2016 01:58:51 AM,09 MANHATTAN,MANHATTAN,994449,234020,Unspecified,MANHATTAN,Unspecified,Unspecified,Unspecified,Unspecified,Unspecified,Unspecified,Unspecified,Unspecified,Unspecified,N,,,,,,,,,,,,40.80900078927538,-73.96315755751426,"(40.80900078927538, -73.96315755751426)"
34214166,09/01/2016 12:21:04 AM,09/01/2016 12:47:21 AM,NYPD,New York City Police Department,Noise - Park,Loud Music/Party,Park/Playground,10023,235 WEST 63 STREET,WEST 63 STREET,PEDESTRIAN PATH,WEST END AVENUE,,,ADDRESS,NEW YORK,,Precinct,Closed,09/01/2016 08:21:04 AM,The Police Department responded to the complaint and took action to fix the condition.,09/01/2016 12:47:21 AM,07 MANHATTAN,MANHATTAN,987616,221189,Unspecified,MANHATTAN,Unspecified,Unspecified,Unspecified,Unspecified,Unspecified,Unspecified,Unspecified,Unspecified,Unspecified,N,,,,,,,,,,,,40.77378839670657,-73.98784723163601,"(40.77378839670657, -73.98784723163601)"
34214406,09/01/2016 12:21:21 AM,09/01/2016 06:02:06 AM,NYPD,New York City Police Department,Blocked Driveway,Partial Access,Street/Sidewalk,11413,220-02 135 AVENUE,135 AVENUE,220 STREET,220 PLACE,,,ADDRESS,SPRINGFIELD GARDENS,,Precinct,Closed,09/01/2016 08:21:21 AM,The Police Department responded to the complaint and with the information available observed no evidence of the violation at that time.,09/01/2016 06:02:07 AM,13 QUEENS,QUEENS,1053495,186226,Unspecified,QUEENS,Unspecified,Unspecified,Unspecified,Unspecified,Unspecified,Unspecified,Unspecified,Unspecified,Unspecified,N,,,,,,,,,,,,40.67755328034302,-73.75035494665852,"(40.67755328034302, -73.75035494665852)"
34213441,09/01/2016 12:21:59 AM,09/01/2016 04:19:54 AM,NYPD,New York City Police Department,Noise - Park,Loud Music/Party,Park/Playground,11238,,,,,UNDERHILL AVENUE,EASTERN PARKWAY,INTERSECTION,BROOKLYN,,Precinct,Closed,09/01/2016 08:21:59 AM,The Police Department responded to the complaint and with the information available observed no evidence of the violation at that time.,09/01/2016 04:19:54 AM,08 BROOKLYN,BROOKLYN,993280,184460,Unspecified,BROOKLYN,Unspecified,Unspecified,Unspecified,Unspecified,Unspecified,Unspecified,Unspecified,Unspecified,Unspecified,N,,,,,,,,,,,,40.672972233472,-73.96744693490606,"(40.672972233472, -73.96744693490606)"
34225420,09/01/2016 12:22:00 AM,09/01/2016 12:24:00 AM,DEP,Department of Environmental Protection,Water System,Hydrant Running Full (WA4),,10031,513 WEST  135 STREET,WEST  135 STREET,AMSTERDAM AVE,BROADWAY,,,ADDRESS,NEW YORK,,N/A,Closed,,The Department of Environmental Protection determined that this complaint is a duplicate of a previously filed complaint. The original complaint is being addressed.,09/01/2016 12:24:00 AM,09 MANHATTAN,MANHATTAN,997301,237743,Unspecified,MANHATTAN,Unspecified,Unspecified,Unspecified,Unspecified,Unspecified,Unspecified,Unspecified,Unspecified,Unspecified,,,,,,,,,,,,,40.819215630339144,-73.95284787409446,"(40.819215630339144, -73.95284787409446)"
34215208,09/01/2016 12:22:00 AM,,DOT,Department of Transportation,Street Light Condition,Street Light Out,,,314 100 ST E,100 ST E,1 AVE,2 AVE,,,ADDRESS,,,N/A,Assigned,,Service Request status for this request is available on the Department of Transportationâs website. Please click the âLearn Moreâ link below.,09/01/2016 09:55:00 PM,Unspecified MANHATTAN,MANHATTAN,,,Unspecified,MANHATTAN,Unspecified,Unspecified,Unspecified,Unspecified,Unspecified,Unspecified,Unspecified,Unspecified,Unspecified,,,,,,,,,,,,,,,
34211102,09/01/2016 12:22:45 AM,,DOT,Department of Transportation,Street Condition,Pothole,,11223,2261 EAST    8 STREET,EAST    8 STREET,AVENUE V,GRAVESEND NECK ROAD,,,ADDRESS,BROOKLYN,,N/A,Open,,The Department of Transportation referred this complaint to the appropriate Maintenance Unit for repair.,09/01/2016 12:22:45 AM,15 BROOKLYN,BROOKLYN,994691,155989,Unspecified,BROOKLYN,Unspecified,Unspecified,Unspecified,Unspecified,Unspecified,Unspecified,Unspecified,Unspecified,Unspecified,,,,,,,,,,,,,40.59482384199664,-73.96240434458852,"(40.59482384199664, -73.96240434458852)"
34211752,09/01/2016 12:23:00 AM,09/01/2016 10:20:00 PM,DOT,Department of Transportation,Street Light Condition,Street Light Out,,,,,,,1 AVE,100 ST E,INTERSECTION,,,N/A,Closed,,Service Request status for this request is available on the Department of Transportationâs website. Please click the âLearn Moreâ link below.,09/01/2016 10:20:00 PM,Unspecified MANHATTAN,MANHATTAN,,,Unspecified,MANHATTAN,Unspecified,Unspecified,Unspecified,Unspecified,Unspecified,Unspecified,Unspecified,Unspecified,Unspecified,,,,,,,,,,,,,,,
34224255,09/01/2016 12:24:00 AM,,DEP,Department of Environmental Protection,Noise,Noise: Construction Before/After Hours (NM1),,10039,,,,,WEST 155 STREET,FREDERICK DOUGLASS BOULEVARD,INTERSECTION,NEW YORK,,N/A,Open,,,,10 MANHATTAN,MANHATTAN,1001611,241370,Unspecified,MANHATTAN,Unspecified,Unspecified,Unspecified,Unspecified,Unspecified,Unspecified,Unspecified,Unspecified,Unspecified,,,,,,,,,,,,,40.82916329411408,-73.93726683976101,"(40.82916329411408, -73.93726683976101)"
34216968,09/01/2016 12:24:00 AM,09/01/2016 09:33:00 AM,DOT,Department of Transportation,Street Light Condition,Street Light Out,,11362,,,,,57 AVENUE,255 STREET,INTERSECTION,Little Neck,,N/A,Closed,,Service Request status for this request is available on the Department of Transportationâs website. Please click the âLearn Moreâ link below.,09/01/2016 09:33:00 AM,11 QUEENS,QUEENS,1060234,217434,Unspecified,QUEENS,Unspecified,Unspecified,Unspecified,Unspecified,Unspecified,Unspecified,Unspecified,Unspecified,Unspecified,,,,,,,,,,,,,40.76315601171262,-73.72570705681578,"(40.76315601171262, -73.72570705681578)"
34216052,09/01/2016 12:24:10 AM,09/01/2016 04:40:17 PM,DPR,Department of Parks and Recreation,Damaged Tree,Branch or Limb Has Fallen Down,Street,11377,50-14 BROADWAY,BROADWAY,49 STREET,51 STREET,,,ADDRESS,WOODSIDE,,N/A,Closed,09/09/2016 06:27:18 AM,No action was taken because the Department of Parks and Recreation determined that the issue is out of its jurisdiction. The condition may be on private property or in an area serviced by another organization.,09/01/2016 04:40:17 PM,01 QUEENS,QUEENS,1009017,214363,Unspecified,QUEENS,Unspecified,Unspecified,Unspecified,Unspecified,Unspecified,Unspecified,Unspecified,Unspecified,Unspecified,,,,,,,,,,,,,40.75501874230602,-73.91060521258929,"(40.75501874230602, -73.91060521258929)"
34225272,09/01/2016 12:25:00 AM,,DEP,Department of Environmental Protection,Noise,Noise: Jack Hammering (NC2),,10001,406 WEST   31 STREET,WEST   31 STREET,9 AVE,LINCOLN TUNNEL APPROACH,,,ADDRESS,NEW YORK,,N/A,Open,,,,04 MANHATTAN,MANHATTAN,984765,213117,Unspecified,MANHATTAN,Unspecified,Unspecified,Unspecified,Unspecified,Unspecified,Unspecified,Unspecified,Unspecified,Unspecified,,,,,,,,,,,,,40.75163346039767,-73.99814123761671,"(40.75163346039767, -73.99814123761671)"
34222223,09/01/2016 12:25:00 AM,,DEP,Department of Environmental Protection,Noise,Noise: Construction Before/After Hours (NM1),,10001,460 WEST   31 STREET,WEST   31 STREET,LINCOLN TUNNEL APPROACH,10 AVE,,,ADDRESS,NEW YORK,,N/A,Open,,,,04 MANHATTAN,MANHATTAN,984275,213402,Unspecified,MANHATTAN,Unspecified,Unspecified,Unspecified,Unspecified,Unspecified,Unspecified,Unspecified,Unspecified,Unspecified,,,,,,,,,,,,,40.75241572822062,-73.99990976775675,"(40.75241572822062, -73.99990976775675)"
34218580,09/01/2016 12:25:32 AM,09/01/2016 04:19:53 AM,NYPD,New York City Police Department,Noise - Street/Sidewalk,Loud Music/Party,Street/Sidewalk,11238,125 EASTERN PARKWAY,EASTERN PARKWAY,UNDERHILL AVENUE,BEND,,,ADDRESS,BROOKLYN,,Precinct,Closed,09/01/2016 08:25:32 AM,The Police Department responded to the complaint and with the information available observed no evidence of the violation at that time.,09/01/2016 04:19:53 AM,08 BROOKLYN,BROOKLYN,993913,184267,Unspecified,BROOKLYN,Unspecified,Unspecified,Unspecified,Unspecified,Unspecified,Unspecified,Unspecified,Unspecified,Unspecified,N,,,,,,,,,,,,40.672441823514696,-73.96516525277444,"(40.672441823514696, -73.96516525277444)"
34211701,09/01/2016 12:25:34 AM,09/01/2016 04:06:06 AM,NYPD,New York City Police Department,Noise - Street/Sidewalk,Loud Music/Party,Street/Sidewalk,11225,,,,,WASHINGTON AVENUE,CARROLL STREET,INTERSECTION,BROOKLYN,,Precinct,Closed,09/01/2016 08:25:34 AM,The Police Department responded to the complaint and determined that police action was not necessary.,09/01/2016 04:06:06 AM,09 BROOKLYN,BROOKLYN,994793,182891,Unspecified,BROOKLYN,Unspecified,Unspecified,Unspecified,Unspecified,Unspecified,Unspecified,Unspecified,Unspecified,Unspecified,N,,,,,,,,,,,,40.66866400736249,-73.96199503878134,"(40.66866400736249, -73.96199503878134)"
34218966,09/01/2016 12:26:02 AM,09/01/2016 03:42:01 PM,NYPD,New York City Police Department,Noise - Street/Sidewalk,Loud Talking,Street/Sidewalk,10040,129 NAGLE AVENUE,NAGLE AVENUE,SICKLES STREET,ARDEN STREET,,,ADDRESS,NEW YORK,,Precinct,Closed,09/01/2016 08:26:02 AM,The Police Department responded to the complaint and with the information available observed no evidence of the violation at that time.,09/01/2016 03:42:01 PM,12 MANHATTAN,MANHATTAN,1004500,252913,Unspecified,MANHATTAN,Unspecified,Unspecified,Unspecified,Unspecified,Unspecified,Unspecified,Unspecified,Unspecified,Unspecified,N,,,,,,,,,,,,40.860839278581864,-73.92679271990852,"(40.860839278581864, -73.92679271990852)"
34223817,09/01/2016 12:26:12 AM,,HPD,Department of Housing Preservation and Development,DOOR/WINDOW,DOOR,RESIDENTIAL BUILDING,10454,282 BROOK AVENUE,BROOK AVENUE,,,,,ADDRESS,BRONX,,N/A,Open,,"The Department of Housing Preservation and Development was not able to gain access to inspect the conditions. If the conditions still exist and an inspection is required, please contact the borough office with your complaint number at 718 579-6777 (BRONX).",09/01/2016 12:00:00 AM,01 BRONX,BRONX,1006781,233878,Unspecified,BRONX,Unspecified,Unspecified,Unspecified,Unspecified,Unspecified,Unspecified,Unspecified,Unspecified,Unspecified,,,,,,,,,,,,,40.80858819601399,-73.91861044996179,"(40.80858819601399, -73.91861044996179)"
34218182,09/01/2016 12:26:27 AM,09/01/2016 01:35:03 AM,NYPD,New York City Police Department,Noise - Residential,Banging/Pounding,Residential Building/House,11212,501 THATFORD AVENUE,THATFORD AVENUE,LOTT AVENUE,HEGEMAN AVENUE,,,ADDRESS,BROOKLYN,,Precinct,Closed,09/01/2016 08:26:27 AM,The Police Department responded to the complaint and took action to fix the condition.,09/01/2016 01:35:04 AM,16 BROOKLYN,BROOKLYN,1010154,178838,Unspecified,BROOKLYN,Unspecified,Unspecified,Unspecified,Unspecified,Unspecified,Unspecified,Unspecified,Unspecified,Unspecified,N,,,,,,,,,,,,40.65750780667287,-73.90663795568324,"(40.65750780667287, -73.90663795568324)"
34216138,09/01/2016 12:28:10 AM,09/01/2016 03:28:20 AM,NYPD,New York City Police Department,Noise - Residential,Banging/Pounding,Residential Building/House,10457,2089 ANTHONY AVENUE,ANTHONY AVENUE,EAST 180 STREET,EAST 181 STREET,,,ADDRESS,BRONX,,Precinct,Closed,09/01/2016 08:28:10 AM,The Police Department responded to the complaint and with the information available observed no evidence of the violation at that time.,09/01/2016 03:28:20 AM,05 BRONX,BRONX,1011471,250229,Unspecified,BRONX,Unspecified,Unspecified,Unspecified,Unspecified,Unspecified,Unspecified,Unspecified,Unspecified,Unspecified,N,,,,,,,,,,,,40.853453764088435,-73.90160225766626,"(40.853453764088435, -73.90160225766626)"
34218992,09/01/2016 12:28:44 AM,09/01/2016 03:42:05 PM,NYPD,New York City Police Department,Noise - Street/Sidewalk,Loud Music/Party,Street/Sidewalk,10040,600 WEST 192 STREET,WEST 192 STREET,ST NICHOLAS AVENUE,WADSWORTH AVENUE,,,ADDRESS,NEW YORK,,Precinct,Closed,09/01/2016 08:28:44 AM,The Police Department responded to the complaint and with the information available observed no evidence of the violation at that time.,09/01/2016 03:42:05 PM,12 MANHATTAN,MANHATTAN,1003928,251236,Unspecified,MANHATTAN,Unspecified,Unspecified,Unspecified,Unspecified,Unspecified,Unspecified,Unspecified,Unspecified,Unspecified,N,,,,,,,,,,,,40.85623771170069,-73.92886552195142,"(40.85623771170069, -73.92886552195142)"
34217470,09/01/2016 12:29:13 AM,,3-1-1,311 Executive Office - EC,Agency Issues,Call Center Complaint,,,,,,,,,,,,N/A,Open,09/15/2016 12:33:46 AM,Your comments have been submitted to the 311 Call Center.  Status is usually available in 14 days. Please note your service request number for future reference.,,0 Unspecified,Unspecified,,,Unspecified,Unspecified,Unspecified,Unspecified,Unspecified,Unspecified,Unspecified,Unspecified,Unspecified,Unspecified,Unspecified,N,,,,,,,,,,,,,,
34214839,09/01/2016 12:29:20 AM,09/01/2016 08:06:34 PM,NYPD,New York City Police Department,Noise - Residential,Loud Television,Residential Building/House,11229,3040 AVENUE W,AVENUE W,BATCHELDER STREET,BRAGG STREET,,,ADDRESS,BROOKLYN,,Precinct,Closed,09/01/2016 08:29:20 AM,The Police Department responded to the complaint and with the information available observed no evidence of the violation at that time.,09/01/2016 08:06:34 PM,15 BROOKLYN,BROOKLYN,1001875,156569,Unspecified,BROOKLYN,Unspecified,Unspecified,Unspecified,Unspecified,Unspecified,Unspecified,Unspecified,Unspecified,Unspecified,N,,,,,,,,,,,,40.596404450232136,-73.93653489611431,"(40.596404450232136, -73.93653489611431)"
34216795,09/01/2016 12:30:55 AM,09/01/2016 12:31:35 AM,HRA,HRA Benefit Card Replacement,Benefit Card Replacement,Food Stamp,NYC Street Address,,,,,,,,,,,N/A,Closed,,"The Human Resources Administration received your request. If you are eligible for a benefit card replacement, you will receive it in 7 to 10 business days. No further updates will be available by calling 311 or on 311 Online.",,0 Unspecified,Unspecified,,,Unspecified,Unspecified,Unspecified,Unspecified,Unspecified,Unspecified,Unspecified,Unspecified,Unspecified,Unspecified,Unspecified,N,,,,,,,,,,,,,,
34211839,09/01/2016 12:30:59 AM,09/01/2016 11:59:43 AM,NYPD,New York City Police Department,Blocked Driveway,No Access,Street/Sidewalk,11229,1810 EAST 18 STREET,EAST 18 STREET,AVENUE R,AVENUE S,,,ADDRESS,BROOKLYN,,Precinct,Closed,09/01/2016 08:30:59 AM,The Police Department responded and upon arrival those responsible for the condition were gone.,09/01/2016 11:59:43 AM,15 BROOKLYN,BROOKLYN,996803,159926,Unspecified,BROOKLYN,Unspecified,Unspecified,Unspecified,Unspecified,Unspecified,Unspecified,Unspecified,Unspecified,Unspecified,N,,,,,,,,,,,,40.60562736792954,-73.95479220020816,"(40.60562736792954, -73.95479220020816)"
34221378,09/01/2016 12:31:00 AM,09/03/2016 03:30:00 AM,DEP,Department of Environmental Protection,Water System,Hydrant Running (WC3),,11207,83 VAN SICLEN AVENUE,VAN SICLEN AVENUE,ARLINGTON AVE,FULTON ST,,,ADDRESS,BROOKLYN,,N/A,Closed,,The Department of Environmental Protection investigated this complaint and shut the running hydrant.,09/03/2016 03:30:00 AM,05 BROOKLYN,BROOKLYN,1014266,186493,Unspecified,BROOKLYN,Unspecified,Unspecified,Unspecified,Unspecified,Unspecified,Unspecified,Unspecified,Unspecified,Unspecified,,,,,,,,,,,,,40.67850607568998,-73.8917835982187,"(40.67850607568998, -73.8917835982187)"
34213443,09/01/2016 12:31:49 AM,09/01/2016 04:18:49 AM,NYPD,New York City Police Department,Noise - Street/Sidewalk,Loud Music/Party,Street/Sidewalk,11238,115 EASTERN PARKWAY,EASTERN PARKWAY,UNDERHILL AVENUE,BEND,,,ADDRESS,BROOKLYN,,Precinct,Closed,09/01/2016 08:31:49 AM,The Police Department responded to the complaint and with the information available observed no evidence of the violation at that time.,09/01/2016 04:18:50 AM,08 BROOKLYN,BROOKLYN,993855,184290,Unspecified,BROOKLYN,Unspecified,Unspecified,Unspecified,Unspecified,Unspecified,Unspecified,Unspecified,Unspecified,Unspecified,N,,,,,,,,,,,,40.672505016468776,-73.96537430777059,"(40.672505016468776, -73.96537430777059)"
34211256,09/01/2016 12:31:52 AM,09/01/2016 12:32:37 AM,HRA,HRA Benefit Card Replacement,Benefit Card Replacement,Medicaid,NYC Street Address,,,,,,,,,,,N/A,Closed,,"The Human Resources Administration received your request. If you are eligible for a benefit card replacement, you will receive it in 7 to 10 business days. No further updates will be available by calling 311 or on 311 Online.",,0 Unspecified,Unspecified,,,Unspecified,Unspecified,Unspecified,Unspecified,Unspecified,Unspecified,Unspecified,Unspecified,Unspecified,Unspecified,Unspecified,N,,,,,,,,,,,,,,
34215673,09/01/2016 12:33:42 AM,,DCA,Department of Consumer Affairs,Consumer Complaint,False Advertising,,10001,1167 BROADWAY,BROADWAY,WEST 27 STREET,WEST 28 STREET,,,ADDRESS,NEW YORK,,N/A,Assigned,09/17/2016 01:03:17 PM,"The Department of Consumer Affairs has already mailed you a complaint form. In order for DCA to be able to help, you must complete that form and return it to DCA along with requested documentation. DCA will contact you approximately 30 days after receiving your complete complaint which we must forward to the reported business for its response.     If you do not receive the complaint form within 15 days from the date of your initial request, please call 311 back.",09/02/2016 01:04:17 PM,05 MANHATTAN,MANHATTAN,987344,210624,Unspecified,MANHATTAN,Unspecified,Unspecified,Unspecified,Unspecified,Unspecified,Unspecified,Unspecified,Unspecified,Unspecified,N,,,,,,,,,,,,40.74479027643488,-73.98883413571019,"(40.74479027643488, -73.98883413571019)"
34215616,09/01/2016 12:33:48 AM,09/01/2016 03:49:36 AM,NYPD,New York City Police Department,Blocked Driveway,No Access,Street/Sidewalk,11421,86-82 76 STREET,76 STREET,JAMAICA AVENUE,88 AVENUE,,,ADDRESS,WOODHAVEN,,Precinct,Closed,09/01/2016 08:33:48 AM,The Police Department responded and upon arrival those responsible for the condition were gone.,09/01/2016 03:49:36 AM,09 QUEENS,QUEENS,1021534,191135,Unspecified,QUEENS,Unspecified,Unspecified,Unspecified,Unspecified,Unspecified,Unspecified,Unspecified,Unspecified,Unspecified,N,,,,,,,,,,,,40.69121966184664,-73.86555469725296,"(40.69121966184664, -73.86555469725296)"
34218919,09/01/2016 12:33:49 AM,09/01/2016 04:06:07 AM,NYPD,New York City Police Department,Noise - Street/Sidewalk,Loud Music/Party,Street/Sidewalk,11225,UNION STREET,UNION STREET,CLASSON AVENUE,FRANKLIN AVENUE,,,BLOCKFACE,BROOKLYN,,Precinct,Closed,09/01/2016 08:33:49 AM,The Police Department responded to the complaint and determined that police action was not necessary.,09/01/2016 04:06:07 AM,09 BROOKLYN,BROOKLYN,995203,183465,Unspecified,BROOKLYN,Unspecified,Unspecified,Unspecified,Unspecified,Unspecified,Unspecified,Unspecified,Unspecified,Unspecified,N,,,,,,,,,,,,40.67023901128435,-73.96051615564376,"(40.67023901128435, -73.96051615564376)"
34225320,09/01/2016 12:34:00 AM,09/01/2016 12:40:00 AM,DEP,Department of Environmental Protection,Water System,Hydrant Leaking (WC1),,11207,FULTON STREET,FULTON STREET,VAN SICLEN AVENUE,HENDRIX STREET,,,BLOCKFACE,BROOKLYN,,N/A,Closed,,The Department of Environmental Protection determined that this complaint is a duplicate of a previously filed complaint. The original complaint is being addressed.,09/01/2016 12:40:00 AM,05 BROOKLYN,BROOKLYN,1014421,186344,Unspecified,BROOKLYN,Unspecified,Unspecified,Unspecified,Unspecified,Unspecified,Unspecified,Unspecified,Unspecified,Unspecified,,,,,,,,,,,,,40.67809657777363,-73.89122544581065,"(40.67809657777363, -73.89122544581065)"
34214171,09/01/2016 12:35:19 AM,09/01/2016 01:31:03 AM,NYPD,New York City Police Department,Noise - Residential,Loud Music/Party,Residential Building/House,11106,35-20 24 STREET,24 STREET,35 AVENUE,36 AVENUE,,,ADDRESS,ASTORIA,,Precinct,Closed,09/01/2016 08:35:19 AM,The Police Department responded and upon arrival those responsible for the condition were gone.,09/01/2016 01:31:03 AM,01 QUEENS,QUEENS,1002759,216129,Unspecified,QUEENS,Unspecified,Unspecified,Unspecified,Unspecified,Unspecified,Unspecified,Unspecified,Unspecified,Unspecified,N,,,,,,,,,,,,40.759881274582206,-73.93318816228367,"(40.759881274582206, -73.93318816228367)"
34216015,09/01/2016 12:36:12 AM,09/01/2016 01:36:18 AM,NYPD,New York City Police Department,Noise - Commercial,Banging/Pounding,Store/Commercial,11372,37-13 85 STREET,85 STREET,37 AVENUE,FORLEY STREET,,,ADDRESS,JACKSON HEIGHTS,,Precinct,Closed,09/01/2016 08:36:12 AM,The Police Department responded to the complaint and took action to fix the condition.,09/01/2016 01:36:18 AM,03 QUEENS,QUEENS,1017106,212378,Unspecified,QUEENS,Unspecified,Unspecified,Unspecified,Unspecified,Unspecified,Unspecified,Unspecified,Unspecified,Unspecified,N,,,,,,,,,,,,40.74954406701735,-73.88141825228973,"(40.74954406701735, -73.88141825228973)"
34217349,09/01/2016 12:36:25 AM,09/01/2016 02:36:28 AM,NYPD,New York City Police Department,Noise - Residential,Loud Music/Party,Residential Building/House,10027,409 WEST 129 STREET,WEST 129 STREET,ST NICHOLAS TERRACE,CONVENT AVENUE,,,ADDRESS,NEW YORK,,Precinct,Closed,09/01/2016 08:36:25 AM,The Police Department responded to the complaint and took action to fix the condition.,09/01/2016 02:36:28 AM,09 MANHATTAN,MANHATTAN,997557,235781,Unspecified,MANHATTAN,Unspecified,Unspecified,Unspecified,Unspecified,Unspecified,Unspecified,Unspecified,Unspecified,Unspecified,N,,,,,,,,,,,,40.81383010929395,-73.95192685875286,"(40.81383010929395, -73.95192685875286)"
34216084,09/01/2016 12:36:28 AM,09/01/2016 01:01:12 AM,NYPD,New York City Police Department,Noise - Street/Sidewalk,Loud Music/Party,Street/Sidewalk,11238,200 EASTERN PARKWAY,EASTERN PARKWAY,UNDERHILL AVENUE,BEND,,,ADDRESS,BROOKLYN,,Precinct,Closed,09/01/2016 08:36:28 AM,The Police Department responded to the complaint and took action to fix the condition.,09/01/2016 01:01:12 AM,55 BROOKLYN,BROOKLYN,994502,184046,Unspecified,BROOKLYN,Unspecified,Unspecified,Unspecified,Unspecified,Unspecified,Unspecified,Unspecified,Unspecified,Unspecified,N,,,,,,,,,,,,40.67183456561807,-73.96304226656703,"(40.67183456561807, -73.96304226656703)"
34225674,09/01/2016 12:37:11 AM,09/01/2016 12:37:11 AM,DOB,Department of Buildings,Elevator,Elevator - Defective/Not Working,,10011,40 FIFTH AVENUE,FIFTH AVENUE,,,,,ADDRESS,NEW YORK,,N/A,Open,,Your Service Request has been submitted to the Department of Buildings.  Please check back later for status.,09/01/2016 12:00:00 AM,02 MANHATTAN,MANHATTAN,985536,206665,Unspecified,MANHATTAN,Unspecified,Unspecified,Unspecified,Unspecified,Unspecified,Unspecified,Unspecified,Unspecified,Unspecified,,,,,,,,,,,,,40.733924251736944,-73.99535974148363,"(40.733924251736944, -73.99535974148363)"
34213074,09/01/2016 12:37:24 AM,09/01/2016 06:08:30 AM,NYPD,New York City Police Department,Noise - Residential,Loud Music/Party,Residential Building/House,11434,125-60 SUTPHIN BOULEVARD,SUTPHIN BOULEVARD,125 AVENUE,ROCKAWAY BOULEVARD,,,ADDRESS,JAMAICA,,Precinct,Closed,09/01/2016 08:37:24 AM,The Police Department responded to the complaint and with the information available observed no evidence of the violation at that time.,09/01/2016 06:08:30 AM,12 QUEENS,QUEENS,1042871,184825,Unspecified,QUEENS,Unspecified,Unspecified,Unspecified,Unspecified,Unspecified,Unspecified,Unspecified,Unspecified,Unspecified,N,,,,,,,,,,,,40.673784591981686,-73.78866907200431,"(40.673784591981686, -73.78866907200431)"
34213142,09/01/2016 12:37:26 AM,09/01/2016 02:34:10 AM,NYPD,New York City Police Department,Noise - Residential,Loud Music/Party,Residential Building/House,10027,409 WEST 129 STREET,WEST 129 STREET,ST NICHOLAS TERRACE,CONVENT AVENUE,,,ADDRESS,NEW YORK,,Precinct,Closed,09/01/2016 08:37:26 AM,The Police Department responded to the complaint and took action to fix the condition.,09/01/2016 02:34:10 AM,09 MANHATTAN,MANHATTAN,997557,235781,Unspecified,MANHATTAN,Unspecified,Unspecified,Unspecified,Unspecified,Unspecified,Unspecified,Unspecified,Unspecified,Unspecified,N,,,,,,,,,,,,40.81383010929395,-73.95192685875286,"(40.81383010929395, -73.95192685875286)"
34213059,09/01/2016 12:37:37 AM,09/01/2016 07:47:30 AM,NYPD,New York City Police Department,Illegal Parking,Commercial Overnight Parking,Street/Sidewalk,11370,19-87 77 STREET,77 STREET,19 ROAD,21 AVENUE,,,ADDRESS,EAST ELMHURST,,Precinct,Closed,09/01/2016 08:37:37 AM,The Police Department responded to the complaint and with the information available observed no evidence of the violation at that time.,09/01/2016 07:47:30 AM,01 QUEENS,QUEENS,1013843,220707,Unspecified,QUEENS,Unspecified,Unspecified,Unspecified,Unspecified,Unspecified,Unspecified,Unspecified,Unspecified,Unspecified,N,,,,,,,,,,,,40.77241653883299,-73.89315818370672,"(40.77241653883299, -73.89315818370672)"
34226286,09/01/2016 12:39:00 AM,,DEP,Department of Environmental Protection,Noise,Noise: Construction Before/After Hours (NM1),,10021,308 EAST   72 STREET,EAST   72 STREET,2 AVE,1 AVE,,,ADDRESS,NEW YORK,,N/A,Open,,,,08 MANHATTAN,MANHATTAN,995918,219297,Unspecified,MANHATTAN,Unspecified,Unspecified,Unspecified,Unspecified,Unspecified,Unspecified,Unspecified,Unspecified,Unspecified,,,,,,,,,,,,,40.76858829093216,-73.95787657918987,"(40.76858829093216, -73.95787657918987)"
34213103,09/01/2016 12:39:27 AM,09/01/2016 03:13:08 AM,NYPD,New York City Police Department,Noise - Residential,Loud Music/Party,Residential Building/House,10471,6211 BROADWAY,BROADWAY,WEST 251 STREET,WEST 252 STREET,,,ADDRESS,BRONX,,Precinct,Closed,09/01/2016 08:39:27 AM,The Police Department responded to the complaint but officers were unable to gain entry into the premises.,09/01/2016 03:13:09 AM,08 BRONX,BRONX,1012781,265876,Unspecified,BRONX,Unspecified,Unspecified,Unspecified,Unspecified,Unspecified,Unspecified,Unspecified,Unspecified,Unspecified,N,,,,,,,,,,,,40.896395792492356,-73.89680027435357,"(40.896395792492356, -73.89680027435357)"
34210952,09/01/2016 12:39:36 AM,09/01/2016 05:35:18 AM,NYPD,New York City Police Department,Noise - Residential,Loud Music/Party,Residential Building/House,11428,,,,,218 PLACE,92 AVENUE,INTERSECTION,QUEENS VILLAGE,,Precinct,Closed,09/01/2016 08:39:36 AM,The Police Department responded to the complaint and with the information available observed no evidence of the violation at that time.,09/01/2016 05:35:19 AM,13 QUEENS,QUEENS,1056152,203046,Unspecified,QUEENS,Unspecified,Unspecified,Unspecified,Unspecified,Unspecified,Unspecified,Unspecified,Unspecified,Unspecified,N,,,,,,,,,,,,40.723698860008355,-73.74059629620191,"(40.723698860008355, -73.74059629620191)"
34215036,09/01/2016 12:39:57 AM,09/01/2016 03:48:21 AM,NYPD,New York City Police Department,Noise - Residential,Loud Music/Party,Residential Building/House,11222,262A KINGSLAND AVENUE,KINGSLAND AVENUE,DRIGGS AVENUE,NASSAU AVENUE,,,ADDRESS,BROOKLYN,,Precinct,Closed,09/01/2016 08:39:57 AM,The Police Department responded to the complaint and took action to fix the condition.,09/01/2016 03:48:21 AM,01 BROOKLYN,BROOKLYN,1000438,203567,Unspecified,BROOKLYN,Unspecified,Unspecified,Unspecified,Unspecified,Unspecified,Unspecified,Unspecified,Unspecified,Unspecified,N,,,,,,,,,,,,40.72540628058875,-73.9415964935895,"(40.72540628058875, -73.9415964935895)"
